"image","xmin","ymin","xmax","ymax","label"
"Imagem.png",3.3894535374868004,1.1189956331877728,212,205,"9"
"img2.png",0.6871476888387824,0,212,216.37008733624455,"12"